INSERT INTO public.enum_status(id, status)
values (1, 'ISSUED'),
       (2, 'PROCESSED'),
       (3, 'DELIVERED');

INSERT INTO public.order(user_id, cost, status_id, deleted)
VALUES (1, 100, 1, false),
       (1, 100, 2, false),
       (1, 100, 3, false),
       (2, 100, 1, false),
       (3, 100, 1, false),
       (4, 100, 1, false),
       (5, 100, 1, false),
       (6, 100, 1, false),
       (7, 100, 1, false),
       (8, 100, 1, false),
       (9, 100, 1, false),
       (10, 100, 1, false),
       (11, 100, 1, false),
       (12, 100, 1, false),
       (13, 100, 1, false),
       (14, 100, 1, false),
       (15, 100, 1, false),
       (16, 100, 1, false),
       (17, 100, 1, false),
       (18, 100, 1, false),
       (19, 100, 1, false),
       (20, 100, 1, false),
       (2, 100, 1, false),
       (4, 100, 1, false),
       (20, 100, 1, false);

INSERT INTO public.order_item (book_id, quantity, price, order_id, deleted)
VALUES (1 , 20, 5, 1, false),
       (2 , 20, 5, 2, false),
       (3 , 20, 5, 3, false),
       (4 , 20, 5, 4, false),
       (5 , 20, 5, 5, false),
       (6 , 20, 5, 6, false),
       (7 , 20, 5, 7, false),
       (8, 20, 5, 8, false),
       (9, 20, 5, 9, false),
       (10, 20, 5, 10, false),
       (11, 20, 5, 11, false),
       (12, 20, 5, 12, false),
       (13, 20, 5, 13, false),
       (14, 20, 5, 14, false),
       (15, 20, 5, 15, false),
       (16, 20, 5, 16, false),
       (17, 20, 5, 17, false),
       (18, 20, 5, 18, false),
       (19, 20, 5, 19, false),
       (20, 20, 5, 20, false),
       (1, 20, 5, 21, false),
       (2, 20, 5, 22, false),
       (3, 20, 5, 23, false),
       (4, 20, 5, 24, false),
       (5 , 20, 5, 25, false),
       (6 , 20, 5, 26, false),
       (7, 20, 5, 1, false),
       (8, 20, 5, 2, false),
       (9, 20, 5, 3, false),
       (10, 20, 5, 4, false);